id;Date;City;Temperature
32208;01.01.2012;New York City;47.4
32209;02.01.2012;New York City;42.9
32210;03.01.2012;New York City;29.8
32211;04.01.2012;New York City;19.1
32212;05.01.2012;New York City;31.7
32213;06.01.2012;New York City;41.5
32214;07.01.2012;New York City;51.6
32215;08.01.2012;New York City;45.1
32216;09.01.2012;New York City;35.0
32217;10.01.2012;New York City;39.4
32218;11.01.2012;New York City;42.2
32219;12.01.2012;New York City;43.3
32220;13.01.2012;New York City;39.1
32221;14.01.2012;New York City;29.7
32222;15.01.2012;New York City;23.3
32223;16.01.2012;New York City;22.7
32224;17.01.2012;New York City;39.0
32225;18.01.2012;New York City;50.8
32226;19.01.2012;New York City;26.4
32227;20.01.2012;New York City;31.9
32228;21.01.2012;New York City;26.4
32229;22.01.2012;New York City;24.4
32230;23.01.2012;New York City;37.2
32231;24.01.2012;New York City;49.1
32232;25.01.2012;New York City;41.6
32233;26.01.2012;New York City;36.5
32234;27.01.2012;New York City;45.8
32235;28.01.2012;New York City;43.0
32236;29.01.2012;New York City;40.1
32237;30.01.2012;New York City;37.8
32238;31.01.2012;New York City;44.4
32239;01.02.2012;New York City;55.4
32240;02.02.2012;New York City;46.5
32241;03.02.2012;New York City;37.5
32242;04.02.2012;New York City;42.6
32243;05.02.2012;New York City;36.9
32244;06.02.2012;New York City;40.7
32245;07.02.2012;New York City;45.1
32246;08.02.2012;New York City;36.3
32247;09.02.2012;New York City;36.7
32248;10.02.2012;New York City;40.5
32249;11.02.2012;New York City;36.8
32250;12.02.2012;New York City;29.5
32251;13.02.2012;New York City;33.5
32252;14.02.2012;New York City;41.4
32253;15.02.2012;New York City;42.1
32254;16.02.2012;New York City;40.7
32255;17.02.2012;New York City;45.5
32256;18.02.2012;New York City;42.3
32257;19.02.2012;New York City;40.1
32258;20.02.2012;New York City;37.9
32259;21.02.2012;New York City;38.9
32260;22.02.2012;New York City;49.0
32261;23.02.2012;New York City;51.0
32262;24.02.2012;New York City;42.1
32263;25.02.2012;New York City;42.6
32264;26.02.2012;New York City;36.7
32265;27.02.2012;New York City;43.3
32266;28.02.2012;New York City;46.4
32267;29.02.2012;New York City;41.0
32268;01.03.2012;New York City;40.0
32269;02.03.2012;New York City;37.0
32270;03.03.2012;New York City;46.4
32271;04.03.2012;New York City;44.3
32272;05.03.2012;New York City;37.9
32273;06.03.2012;New York City;33.4
32274;07.03.2012;New York City;45.5
32275;08.03.2012;New York City;58.7
32276;09.03.2012;New York City;49.8
32277;10.03.2012;New York City;37.1
32278;11.03.2012;New York City;45.3
32279;12.03.2012;New York City;52.6
32280;13.03.2012;New York City;60.1
32281;14.03.2012;New York City;63.3
32282;15.03.2012;New York City;48.6
32283;16.03.2012;New York City;44.5
32284;17.03.2012;New York City;49.9
32285;18.03.2012;New York City;50.9
32286;19.03.2012;New York City;59.3
32287;20.03.2012;New York City;60.0
32288;21.03.2012;New York City;57.8
32289;22.03.2012;New York City;61.2
32290;23.03.2012;New York City;65.1
32291;24.03.2012;New York City;58.1
32292;25.03.2012;New York City;48.3
32293;26.03.2012;New York City;50.0
32294;27.03.2012;New York City;39.7
32295;28.03.2012;New York City;52.7
32296;29.03.2012;New York City;56.1
32297;30.03.2012;New York City;46.9
32298;31.03.2012;New York City;42.6
32299;01.04.2012;New York City;46.3
32300;02.04.2012;New York City;48.1
32301;03.04.2012;New York City;51.0
32302;04.04.2012;New York City;59.8
32303;05.04.2012;New York City;50.8
32304;06.04.2012;New York City;48.3
32305;07.04.2012;New York City;50.9
32306;08.04.2012;New York City;55.2
32307;09.04.2012;New York City;58.2
32308;10.04.2012;New York City;55.8
32309;11.04.2012;New York City;48.9
32310;12.04.2012;New York City;51.2
32311;13.04.2012;New York City;54.4
32312;14.04.2012;New York City;59.9
32313;15.04.2012;New York City;68.5
32314;16.04.2012;New York City;73.1
32315;17.04.2012;New York City;72.7
32316;18.04.2012;New York City;58.8
32317;19.04.2012;New York City;52.9
32318;20.04.2012;New York City;61.1
32319;21.04.2012;New York City;62.0
32320;22.04.2012;New York City;52.6
32321;23.04.2012;New York City;51.3
32322;24.04.2012;New York City;49.7
32323;25.04.2012;New York City;54.6
32324;26.04.2012;New York City;53.7
32325;27.04.2012;New York City;51.4
32326;28.04.2012;New York City;47.9
32327;29.04.2012;New York City;54.7
32328;30.04.2012;New York City;53.0
32329;01.05.2012;New York City;57.2
32330;02.05.2012;New York City;53.6
32331;03.05.2012;New York City;54.3
32332;04.05.2012;New York City;60.0
32333;05.05.2012;New York City;57.9
32334;06.05.2012;New York City;58.5
32335;07.05.2012;New York City;57.5
32336;08.05.2012;New York City;58.9
32337;09.05.2012;New York City;62.3
32338;10.05.2012;New York City;60.7
32339;11.05.2012;New York City;59.5
32340;12.05.2012;New York City;66.8
32341;13.05.2012;New York City;72.7
32342;14.05.2012;New York City;69.5
32343;15.05.2012;New York City;63.9
32344;16.05.2012;New York City;66.1
32345;17.05.2012;New York City;65.7
32346;18.05.2012;New York City;63.1
32347;19.05.2012;New York City;65.3
32348;20.05.2012;New York City;65.9
32349;21.05.2012;New York City;60.4
32350;22.05.2012;New York City;60.0
32351;23.05.2012;New York City;68.3
32352;24.05.2012;New York City;65.2
32353;25.05.2012;New York City;63.4
32354;26.05.2012;New York City;73.3
32355;27.05.2012;New York City;74.5
32356;28.05.2012;New York City;78.1
32357;29.05.2012;New York City;82.6
32358;30.05.2012;New York City;75.0
32359;31.05.2012;New York City;73.5
32360;01.06.2012;New York City;68.2
32361;02.06.2012;New York City;69.0
32362;03.06.2012;New York City;67.8
32363;04.06.2012;New York City;62.0
32364;05.06.2012;New York City;58.3
32365;06.06.2012;New York City;63.6
32366;07.06.2012;New York City;67.5
32367;08.06.2012;New York City;67.2
32368;09.06.2012;New York City;74.4
32369;10.06.2012;New York City;74.2
32370;11.06.2012;New York City;71.6
32371;12.06.2012;New York City;68.5
32372;13.06.2012;New York City;67.2
32373;14.06.2012;New York City;69.3
32374;15.06.2012;New York City;70.3
32375;16.06.2012;New York City;70.2
32376;17.06.2012;New York City;65.3
32377;18.06.2012;New York City;63.9
32378;19.06.2012;New York City;68.3
32379;20.06.2012;New York City;81.4
32380;21.06.2012;New York City;89.2
32381;22.06.2012;New York City;85.1
32382;23.06.2012;New York City;76.4
32383;24.06.2012;New York City;74.0
32384;25.06.2012;New York City;71.8
32385;26.06.2012;New York City;66.5
32386;27.06.2012;New York City;73.5
32387;28.06.2012;New York City;79.5
32388;29.06.2012;New York City;85.7
32389;30.06.2012;New York City;88.5
32390;01.07.2012;New York City;86.7
32391;02.07.2012;New York City;81.7
32392;03.07.2012;New York City;81.4
32393;04.07.2012;New York City;83.4
32394;05.07.2012;New York City;87.8
32395;06.07.2012;New York City;82.2
32396;07.07.2012;New York City;86.2
32397;08.07.2012;New York City;82.8
32398;09.07.2012;New York City;79.7
32399;10.07.2012;New York City;77.7
32400;11.07.2012;New York City;78.1
32401;12.07.2012;New York City;78.8
32402;13.07.2012;New York City;80.9
32403;14.07.2012;New York City;80.7
32404;15.07.2012;New York City;81.4
32405;16.07.2012;New York City;81.0
32406;17.07.2012;New York City;87.2
32407;18.07.2012;New York City;89.0
32408;19.07.2012;New York City;75.3
32409;20.07.2012;New York City;69.2
32410;21.07.2012;New York City;69.3
32411;22.07.2012;New York City;74.8
32412;23.07.2012;New York City;77.4
32413;24.07.2012;New York City;83.1
32414;25.07.2012;New York City;78.2
32415;26.07.2012;New York City;81.4
32416;27.07.2012;New York City;80.3
32417;28.07.2012;New York City;76.4
32418;29.07.2012;New York City;72.7
32419;30.07.2012;New York City;74.6
32420;31.07.2012;New York City;74.0
32421;01.08.2012;New York City;75.2
32422;02.08.2012;New York City;79.1
32423;03.08.2012;New York City;83.4
32424;04.08.2012;New York City;83.4
32425;05.08.2012;New York City;83.4
32426;06.08.2012;New York City;80.2
32427;07.08.2012;New York City;77.3
32428;08.08.2012;New York City;79.8
32429;09.08.2012;New York City;81.2
32430;10.08.2012;New York City;79.2
32431;11.08.2012;New York City;80.8
32432;12.08.2012;New York City;81.0
32433;13.08.2012;New York City;79.1
32434;14.08.2012;New York City;78.9
32435;15.08.2012;New York City;76.2
32436;16.08.2012;New York City;75.6
32437;17.08.2012;New York City;81.3
32438;18.08.2012;New York City;72.7
32439;19.08.2012;New York City;72.0
32440;20.08.2012;New York City;73.6
32441;21.08.2012;New York City;74.9
32442;22.08.2012;New York City;76.6
32443;23.08.2012;New York City;77.5
32444;24.08.2012;New York City;78.7
32445;25.08.2012;New York City;77.5
32446;26.08.2012;New York City;74.5
32447;27.08.2012;New York City;75.8
32448;28.08.2012;New York City;79.9
32449;29.08.2012;New York City;75.2
32450;30.08.2012;New York City;75.2
32451;31.08.2012;New York City;81.9
32452;01.09.2012;New York City;83.4
32453;02.09.2012;New York City;76.1
32454;03.09.2012;New York City;74.7
32455;04.09.2012;New York City;74.5
32456;05.09.2012;New York City;78.6
32457;06.09.2012;New York City;75.9
32458;07.09.2012;New York City;79.0
32459;08.09.2012;New York City;78.3
32460;09.09.2012;New York City;70.9
32461;10.09.2012;New York City;67.9
32462;11.09.2012;New York City;65.1
32463;12.09.2012;New York City;70.8
32464;13.09.2012;New York City;71.9
32465;14.09.2012;New York City;72.1
32466;15.09.2012;New York City;69.3
32467;16.09.2012;New York City;67.9
32468;17.09.2012;New York City;70.0
32469;18.09.2012;New York City;72.7
32470;19.09.2012;New York City;67.5
32471;20.09.2012;New York City;63.3
32472;21.09.2012;New York City;66.1
32473;22.09.2012;New York City;67.7
32474;23.09.2012;New York City;66.0
32475;24.09.2012;New York City;62.1
32476;25.09.2012;New York City;64.1
32477;26.09.2012;New York City;69.4
32478;27.09.2012;New York City;71.4
32479;28.09.2012;New York City;67.5
32480;29.09.2012;New York City;62.1
32481;30.09.2012;New York City;62.4
32482;01.10.2012;New York City;63.0
32483;02.10.2012;New York City;66.5
32484;03.10.2012;New York City;66.3
32485;04.10.2012;New York City;70.1
32486;05.10.2012;New York City;71.4
32487;06.10.2012;New York City;70.5
32488;07.10.2012;New York City;54.8
32489;08.10.2012;New York City;51.7
32490;09.10.2012;New York City;55.4
32491;10.10.2012;New York City;59.8
32492;11.10.2012;New York City;56.0
32493;12.10.2012;New York City;53.7
32494;13.10.2012;New York City;47.3
32495;14.10.2012;New York City;59.7
32496;15.10.2012;New York City;67.0
32497;16.10.2012;New York City;58.1
32498;17.10.2012;New York City;53.9
32499;18.10.2012;New York City;58.4
32500;19.10.2012;New York City;64.9
32501;20.10.2012;New York City;64.9
32502;21.10.2012;New York City;58.9
32503;22.10.2012;New York City;60.4
32504;23.10.2012;New York City;61.9
32505;24.10.2012;New York City;58.2
32506;25.10.2012;New York City;58.9
32507;26.10.2012;New York City;62.2
32508;27.10.2012;New York City;63.2
32509;28.10.2012;New York City;59.2
32510;29.10.2012;New York City;58.4
32511;30.10.2012;New York City;57.7
32512;31.10.2012;New York City;51.4
32513;01.11.2012;New York City;47.5
32514;02.11.2012;New York City;49.2
32515;03.11.2012;New York City;46.6
32516;04.11.2012;New York City;43.2
32517;05.11.2012;New York City;43.2
32518;06.11.2012;New York City;38.4
32519;07.11.2012;New York City;38.9
32520;08.11.2012;New York City;40.1
32521;09.11.2012;New York City;44.9
32522;10.11.2012;New York City;49.6
32523;11.11.2012;New York City;54.1
32524;12.11.2012;New York City;56.0
32525;13.11.2012;New York City;53.3
32526;14.11.2012;New York City;43.3
32527;15.11.2012;New York City;41.7
32528;16.11.2012;New York City;42.6
32529;17.11.2012;New York City;44.8
32530;18.11.2012;New York City;44.7
32531;19.11.2012;New York City;43.6
32532;20.11.2012;New York City;45.3
32533;21.11.2012;New York City;47.5
32534;22.11.2012;New York City;47.6
32535;23.11.2012;New York City;48.5
32536;24.11.2012;New York City;46.0
32537;25.11.2012;New York City;38.5
32538;26.11.2012;New York City;42.3
32539;27.11.2012;New York City;40.5
32540;28.11.2012;New York City;38.5
32541;29.11.2012;New York City;39.8
32542;30.11.2012;New York City;43.0
32543;01.12.2012;New York City;39.5
32544;02.12.2012;New York City;44.3
32545;03.12.2012;New York City;53.9
32546;04.12.2012;New York City;51.4
32547;05.12.2012;New York City;53.0
32548;06.12.2012;New York City;36.7
32549;07.12.2012;New York City;40.9
32550;08.12.2012;New York City;46.9
32551;09.12.2012;New York City;47.5
32552;10.12.2012;New York City;50.6
32553;11.12.2012;New York City;49.8
32554;12.12.2012;New York City;41.7
32555;13.12.2012;New York City;41.8
32556;14.12.2012;New York City;42.9
32557;15.12.2012;New York City;44.0
32558;16.12.2012;New York City;44.2
32559;17.12.2012;New York City;42.8
32560;18.12.2012;New York City;47.3
32561;19.12.2012;New York City;45.4
32562;20.12.2012;New York City;40.7
32563;21.12.2012;New York City;48.3
32564;22.12.2012;New York City;38.4
32565;23.12.2012;New York City;39.3
32566;24.12.2012;New York City;38.8
32567;25.12.2012;New York City;37.5
32568;26.12.2012;New York City;33.2
32569;27.12.2012;New York City;39.1
32570;28.12.2012;New York City;33.8
32571;29.12.2012;New York City;33.5
32572;30.12.2012;New York City;33.5
32573;31.12.2012;New York City;33.0
